Workbook

Sheet Instructions
B2: Suivi de vérification fonctionnelle des blocs
B3: Programmation micro:bit V2 — interface Blockly
B6: Objectif
B7: Vérifier, bloc par bloc, que chaque bloc créé pour ce projet fonctionne réellement — aussi bien dans le simulateur du navigateur que sur une vraie carte micro:bit (avec le module Grove ou le robot correspondant si besoin).
B9: Contenu
B10: L'onglet "Blocs" liste les 115 blocs créés pour ce projet, variante sans robots (Maqueen Plus, Maqueen Lite, Kitrobot v2 et LiDAR retirés) (catégorie, sous-catégorie, libellé tel qu'affiché dans la boîte à outils, et identifiant technique interne). Les blocs standards de Blockly (Logique, Boucles natives, Texte, Maths de base, Variables, Fonctions) ne sont pas listés : ce ne sont pas des blocs créés pour ce projet.
B12: Comment remplir
B13: Pour chaque bloc, choisir une valeur dans les colonnes "Fonctionne en simulateur" et "Fonctionne sur carte réelle" (menu déroulant : À tester / Oui / Non / Partiel), puis renseigner la date, la personne qui a testé, et une remarque en cas de problème (comportement observé, message d'erreur, condition qui déclenche le bug...).
B15: Onglet Résumé
B16: Calcule automatiquement, pour chaque catégorie, le nombre de blocs, le nombre déjà testé et le nombre fonctionnel — se met à jour tout seul au fur et à mesure du remplissage de l'onglet "Blocs".
B19: Exemple de ligne remplie (onglet "Blocs", à titre d'illustration) :
B20: Catégorie | C20: Sous-catégorie | D20: Bloc | E20: Identifiant technique | F20: Fonctionne en simulateur | G20: Fonctionne sur carte réelle | H20: Date du test | I20: Testé par | J20: Remarques
B21: Temps | D21: attendre | E21: attendre_temps | F21: Oui | G21: Oui | H21: 2026-09-24 | I21: J. Reynald | J21: RAS, testé avec des délais de 100 ms à 5 s

Sheet Blocs
A1: Catégorie | B1: Sous-catégorie | C1: Bloc | D1: Identifiant technique | E1: Fonctionne en simulateur | F1: Fonctionne sur carte réelle | G1: Date du test | H1: Testé par | I1: Remarques
A2: Temps | C2: attendre | D2: attendre_temps | E2: Oui | F2: Oui | H2: moi
A3: Temps | C3: attendre jusqu'à | D3: attendre_jusqua | E3: Partiel | F3: Oui | I3: Simulateur : la boucle d'attente ne peut pas voir la condition changer pendant un tour ; le tour est ignoré sans erreur (PIÈGE nº54). A re-tester en simulation continue (appuyer pendant l'exécution). Carte réelle : inchangé, sleep() réellement bloquant.
A4: Temps | C4: répéter toutes les ... h ... min ... s | D4: repeter_toutes_les | E4: Oui | F4: Oui
A5: Temps | C5: remettre le chronomètre à 0 | D5: reset_chrono | E5: À tester | F5: Oui | I5: running_time() était figée à 0 dans le simulateur (valeur du chronomètre toujours 0). Corrigé depuis (PIÈGE nº55) : à re-tester.
A6: Temps | C6: valeur du chronomètre en | D6: valeur_chrono | E6: À tester | F6: Oui | I6: Même cause que reset_chrono (running_time() figée à 0 en simulation, corrigée : PIÈGE nº55). A re-tester : la valeur doit avancer avec le temps et repartir de 0 après Réinitialiser.
A7: Affichage | C7: afficher | D7: afficher_valeur | E7: Oui | F7: Oui
A8: Affichage | C8: faire défiler | D8: faire_defiler | E8: Oui | F8: Oui
A9: Affichage | C9: afficher l'icône | D9: afficher_icone | E9: Oui | F9: Oui
A10: Affichage | C10: afficher l'image | D10: afficher_image_matrice | E10: Oui | F10: Oui
A11: Affichage | C11: effacer l'écran | D11: effacer_ecran | E11: Oui | F11: Oui
A12: Entrées/Sorties | C12: si le bouton ... est appuyé alors | D12: si_bouton_appuye | E12: Oui | F12: Oui
A13: Entrées/Sorties | C13: si LOGO est touché alors | D13: si_logo_touche | E13: Oui | F13: Oui
A14: Entrées/Sorties | C14: si secoué alors | D14: si_secoue_alors | E14: Oui | F14: Oui
A15: Entrées/Sorties | C15: bouton ... est appuyé | D15: bouton_est_appuye | E15: Oui | F15: Oui
A16: Entrées/Sorties | C16: le logo est appuyé | D16: logo_est_touche | E16: Oui | F16: Oui
A17: Entrées/Sorties | C17: nombre de clics du bouton | D17: nombre_clics_bouton | E17: À tester | F17: À tester | I17: Code généré modifié (compteur cumulatif _lire_clics_x, PIÈGE nº53) et simulateur à session persistante : à re-tester des deux côtés. Scénario : 10 clics espacés sur B -> icône Cœur.
A18: Entrées/Sorties | C18: [Micro:bit] réinitialiser la carte | D18: reinitialiser_microbit | E18: Oui | F18: Oui
A19: Capteurs | C19: lorsque le bouton ... est pressé | D19: lorsque_bouton | E19: À tester | F19: À tester
A20: Capteurs | C20: lorsque | D20: lorsque_geste | E20: À tester | F20: À tester
A21: Capteurs | C21: lorsque la broche ... est | D21: lorsque_broche | E21: À tester | F21: À tester | I21: Mode tactile capacitif (set_touch_mode) activé automatiquement depuis PIÈGE nº57 : vérifier sur carte V2 qu'un seul doigt sur P0/P1/P2 suffit (sans toucher GND).
A22: Capteurs | C22: lorsque le son ... est detecté | D22: lorsque_son_detecte | E22: À tester | F22: À tester
A23: Capteurs | C23: sur le logo | D23: lorsque_logo | E23: À tester | F23: À tester
A24: Capteurs | C24: accélération (mg) | D24: capteur_acceleration | E24: À tester | F24: À tester
A25: Capteurs | C25: broche ... est pressée | D25: broche_est_pressee | E25: À tester | F25: À tester | I25: Même correctif que lorsque_broche (PIÈGE nº57) : vérifier sur carte V2 qu'un seul doigt suffit.
A26: Capteurs | C26: niveau d'intensité lumineuse | D26: capteur_luminosite | E26: À tester | F26: À tester
A27: Capteurs | C27: direction de la boussole (°) | D27: capteur_boussole_direction | E27: À tester | F27: À tester
A28: Capteurs | C28: température (° C) | D28: capteur_temperature | E28: À tester | F28: À tester
A29: Capteurs | C29: geste ... est actif | D29: geste_est_actif | E29: À tester | F29: À tester
A30: Capteurs | C30: niveau sonore | D30: micro_intensite_son | E30: À tester | F30: À tester
A31: Capteurs | C31: calibrer la boussole | D31: capteur_boussole_calibrer | E31: À tester | F31: À tester
A32: Capteurs | C32: force magnétique (µT) | D32: capteur_boussole_force | E32: À tester | F32: À tester
A33: Capteurs | C33: rotation (°) | D33: capteur_rotation | E33: À tester | F33: À tester
A34: Capteurs | C34: temps d'exécution | D34: temps_execution | E34: À tester | F34: À tester
A35: Capteurs | C35: spécifier la gamme de l'acceleromètre | D35: gamme_accelerometre | E35: À tester | F35: À tester
A36: Capteurs | C36: définit le seuil du son ... à | D36: micro_definir_seuil | E36: À tester | F36: À tester
A37: Actionneurs (Audio) | C37: [Audio] jouer la musique | D37: audio_jouer | E37: À tester | F37: À tester
... A40: Actionneurs (Audio) | C40: [Speech] dire ... vitesse ... hauteur | D40: speech_dire | E40: À tester | F40: À tester
A41: Communication | B41: Groupe | C41: allumer la radio | D41: radio_activer | E41: À tester | F41: À tester
A42: Communication | B42: Groupe | C42: radio : définir le groupe | D42: radio_groupe | E42: À tester | F42: À tester
A43: Communication | B43: Envoi | C43: envoyer le nombre ... par radio | D43: radio_envoyer_nombre | E43: À tester | F43: À tester
A44: Communication | B44: Envoi | C44: envoyer la valeur ... = ... par radio | D44: radio_envoyer_valeur | E44: À tester | F44: À tester
A45: Communication | B45: Envoi | C45: envoyer msg radio | D45: radio_envoyer_texte | E45: À tester | F45: À tester
A46: Communication | B46: Réception | C46: quand la radio reçoit | D46: radio_quand_recu | E46: À tester | F46: À tester
A47: Communication | B47: Réception | C47: radio : | D47: radio_lecture | E47: À tester | F47: À tester
A48: Communication | B48: Plus | C48: radio : puissance d'émission | D48: radio_puissance | E48: À tester | F48: À tester
A49: Communication | B49: Plus | C49: radio : bande de fréquence | D49: radio_canal | E49: À tester | F49: À tester
A50: Servos | C50: régler l'angle du servomoteur ... à ... ° | D50: servo_angle | E50: À tester | F50: À tester
A51: Servos | C51: servomoteur ... à rotation continue fonctionne à ... % | D51: servo_continu | E51: À tester | F51: À tester
A52: Servos | C52: arrêter le servomoteur | D52: servo_arreter | E52: À tester | F52: À tester
A53: Servos | C53: mettre l'arrêt au neutre du servomoteur ... à | D53: servo_arret_neutre | E53: À tester | F53: À tester
A54: Servos | C54: définir l'intervalle du servomoteur ... de ... à | D54: servo_intervalle | E54: À tester | F54: À tester
A55: Servos | C55: régler la largeur d'impulsion du servomoteur ... à ... µs | D55: servo_impulsion | E55: À tester | F55: À tester
A56: Grove | B56: LED | C56: [LED] contrôler la LED à ... sur la broche | D56: grove_led_etat | E56: À tester | F56: À tester
A57: Grove | B57: LED | C57: [LED] régler la luminosité à ... sur la broche | D57: grove_led_luminosite | E57: À tester | F57: À tester
A58: Grove | B58: Ruban RGB (WS2813) | C58: définir le ruban RGB sur ... avec ... LED(s) | D58: grove_ruban_definir | E58: À tester | F58: À tester
A59: Grove | B59: Ruban RGB (WS2813) | C59: colorer tout le ruban en | D59: grove_ruban_couleur | E59: À tester | F59: À tester
A60: Grove | B60: Ruban RGB (WS2813) | C60: éteindre le ruban | D60: grove_ruban_effacer | E60: À tester | F60: À tester
A61: Grove | B61: Ruban RGB (WS2813) | C61: colorer la LED n° ... en | D61: grove_ruban_couleur_index | E61: À tester | F61: À tester
A62: Grove | B62: Ruban RGB (WS2813) | C62: éteindre la LED n° | D62: grove_ruban_effacer_index | E62: À tester | F62: À tester
A63: Grove | B63: Ruban RGB (WS2813) | C63: colorer tout le ruban en R ... V ... B | D63: grove_ruban_perso | E63: À tester | F63: À tester
A64: Grove | B64: Ruban RGB (WS2813) | C64: colorer la LED n° ... en R ... V ... B | D64: grove_ruban_perso_index | E64: À tester | F64: À tester
A65: Grove | B65: Ruban RGB (WS2813) | C65: luminosité du ruban à ... % | D65: grove_ruban_luminosite | E65: À tester | F65: À tester
A66: Grove | B66: Afficheur 4 digits | C66: définir l'afficheur 4 digits : CLK ... DIO | D66: grove_4d_definir | E66: À tester | F66: À tester
A67: Grove | B67: Afficheur 4 digits | C67: afficher le nombre | D67: grove_4d_nombre | E67: À tester | F67: À tester
... A98: Grove | B98: CO₂ (SCD30 / SCD41) | C98: SCD41 : | D98: grove_scd41_lire | E98: À tester | F98: À tester
A99: Grove | C99: initialiser l'écran LCD RGB (V4.0) | D99: grove_lcdrgb_init | E99: À tester | F99: À tester | I99: Module V4.0 (JHD1313M3) : 5 V obligatoire. Vérifier que le fond passe au blanc à l'initialisation (adresses 0x3E et 0x62).
A100: Grove | C100: LCD RGB : afficher ... en x y | D100: grove_lcdrgb_texte | E100: À tester | F100: À tester | I100: Vérifier le placement x 0-15, y 0-1.
A101: Grove | C101: LCD RGB : effacer | D101: grove_lcdrgb_effacer | E101: À tester | F101: À tester
A102: Grove | C102: LCD RGB : allumer/éteindre l'affichage | D102: grove_lcdrgb_alimenter | E102: À tester | F102: À tester | I102: Masque seulement les caractères (conservés) ; le fond ne change pas.
A103: Grove | C103: LCD RGB : rétroéclairage (couleur) | D103: grove_lcdrgb_fond_couleur | E103: À tester | F103: À tester | I103: Tester chaque couleur de la palette ; « noir » doit éteindre le fond.
A104: Grove | C104: LCD RGB : rétroéclairage rouge/vert/bleu | D104: grove_lcdrgb_fond_rvb | E104: À tester | F104: À tester | I104: Valeurs 0-255 ; vérifier le bornage (ex. 300 -> 255) et l'ordre R/V/B (registres 4/3/2 de la puce PCA9633).
A105: Grove | C105: LCD RGB : allumer/éteindre le rétroéclairage | D105: grove_lcdrgb_retro | E105: À tester | F105: À tester | I105: Éteindre coupe le fond ; allumer doit rétablir la dernière couleur choisie.
A106: Boucles | C106: Au démarrage | D106: au_demarrage | E106: À tester | F106: À tester
A107: Boucles | C107: Répéter indéfiniment | D107: boucle_infinie | E107: À tester | F107: À tester
A108: Maths | C108: de ... et | D108: math_min_max | E108: À tester | F108: À tester
A109: Maths | C109: valeur absolue de | D109: math_absolue | E109: À tester | F109: À tester
A110: Maths | D110: math_racine | E110: À tester | F110: À tester
A111: Maths | D111: math_arrondi_custom | E111: Oui | F111: Oui
A112: Maths | C112: projeter ... de ... et ... à | D112: math_map | E112: À tester | F112: À tester
A113: Maths | C113: choisir au hasard vrai ou faux | D113: math_random_bool | E113: À tester | F113: À tester
A114: Maths | C114: convert ... from | D114: math_convert | E114: À tester | F114: À tester
A115: Reconstruction | B115: Bloc de secours (instruction) | C115: code : ... | D115: code_brut | E115: À tester | F115: À tester | I115: Hors boîte à outils : créé automatiquement quand un .py importé contient une instruction non reconnue. Vérifier qu'il génère exactement le texte saisi.
A116: Reconstruction | B116: Bloc de secours (valeur) | C116: expression brute | D116: expression_brute | E116: À tester | F116: À tester | I116: Hors boîte à outils : créé automatiquement pour une expression non reconnue. Vérifier la valeur renvoyée (0 si vide).

Sheet Résumé
A1: Résumé de la vérification par catégorie
A3: Catégorie | B3: Nombre de blocs | C3: Testés en simulateur | D3: Fonctionnels en simulateur | E3: Testés sur carte réelle | F3: Fonctionnels sur carte réelle
A4: Temps | B4: =COUNTIF(Blocs!$A$2:$A$116,A4) -> 5 | C4: =COUNTIFS(Blocs!$A$2:$A$116,A4,Blocs!$E$2:$E$116,"<>À tester") -> 3 | D4: =COUNTIFS(Blocs!$A$2:$A$116,A4,Blocs!$E$2:$E$116,"Oui") -> 2 | E4: =COUNTIFS(Blocs!$A$2:$A$116,A4,Blocs!$F$2:$F$116,"<>À tester") -> 5 | F4: =COUNTIFS(Blocs!$A$2:$A$116,A4,Blocs!$F$2:$F$116,"Oui") -> 5
A5: Affichage | B5: =COUNTIF(Blocs!$A$2:$A$116,A5) -> 5 | C5: =COUNTIFS(Blocs!$A$2:$A$116,A5,Blocs!$E$2:$E$116,"<>À tester") -> 5 | D5: =COUNTIFS(Blocs!$A$2:$A$116,A5,Blocs!$E$2:$E$116,"Oui") -> 5 | E5: =COUNTIFS(Blocs!$A$2:$A$116,A5,Blocs!$F$2:$F$116,"<>À tester") -> 5 | F5: =COUNTIFS(Blocs!$A$2:$A$116,A5,Blocs!$F$2:$F$116,"Oui") -> 5
A6: Entrées/Sorties | B6: =COUNTIF(Blocs!$A$2:$A$116,A6) -> 7 | C6: =COUNTIFS(Blocs!$A$2:$A$116,A6,Blocs!$E$2:$E$116,"<>À tester") -> 6 | D6: =COUNTIFS(Blocs!$A$2:$A$116,A6,Blocs!$E$2:$E$116,"Oui") -> 6 | E6: =COUNTIFS(Blocs!$A$2:$A$116,A6,Blocs!$F$2:$F$116,"<>À tester") -> 6 | F6: =COUNTIFS(Blocs!$A$2:$A$116,A6,Blocs!$F$2:$F$116,"Oui") -> 6
A7: Capteurs | B7: =COUNTIF(Blocs!$A$2:$A$116,A7) -> 18 | C7: =COUNTIFS(Blocs!$A$2:$A$116,A7,Blocs!$E$2:$E$116,"<>À tester") -> 0 | D7: =COUNTIFS(Blocs!$A$2:$A$116,A7,Blocs!$E$2:$E$116,"Oui") -> 0 | E7: =COUNTIFS(Blocs!$A$2:$A$116,A7,Blocs!$F$2:$F$116,"<>À tester") -> 0 | F7: =COUNTIFS(Blocs!$A$2:$A$116,A7,Blocs!$F$2:$F$116,"Oui") -> 0
A8: Actionneurs (Audio) | B8: =COUNTIF(Blocs!$A$2:$A$116,A8) -> 4 | C8: =COUNTIFS(Blocs!$A$2:$A$116,A8,Blocs!$E$2:$E$116,"<>À tester") -> 0 | D8: =COUNTIFS(Blocs!$A$2:$A$116,A8,Blocs!$E$2:$E$116,"Oui") -> 0 | E8: =COUNTIFS(Blocs!$A$2:$A$116,A8,Blocs!$F$2:$F$116,"<>À tester") -> 0 | F8: =COUNTIFS(Blocs!$A$2:$A$116,A8,Blocs!$F$2:$F$116,"Oui") -> 0
A9: Communication | B9: =COUNTIF(Blocs!$A$2:$A$116,A9) -> 9 | C9: =COUNTIFS(Blocs!$A$2:$A$116,A9,Blocs!$E$2:$E$116,"<>À tester") -> 0 | D9: =COUNTIFS(Blocs!$A$2:$A$116,A9,Blocs!$E$2:$E$116,"Oui") -> 0 | E9: =COUNTIFS(Blocs!$A$2:$A$116,A9,Blocs!$F$2:$F$116,"<>À tester") -> 0 | F9: =COUNTIFS(Blocs!$A$2:$A$116,A9,Blocs!$F$2:$F$116,"Oui") -> 0
A10: Servos | B10: =COUNTIF(Blocs!$A$2:$A$116,A10) -> 6 | C10: =COUNTIFS(Blocs!$A$2:$A$116,A10,Blocs!$E$2:$E$116,"<>À tester") -> 0 | D10: =COUNTIFS(Blocs!$A$2:$A$116,A10,Blocs!$E$2:$E$116,"Oui") -> 0 | E10: =COUNTIFS(Blocs!$A$2:$A$116,A10,Blocs!$F$2:$F$116,"<>À tester") -> 0 | F10: =COUNTIFS(Blocs!$A$2:$A$116,A10,Blocs!$F$2:$F$116,"Oui") -> 0
A11: Grove | B11: =COUNTIF(Blocs!$A$2:$A$116,A11) -> 50 | C11: =COUNTIFS(Blocs!$A$2:$A$116,A11,Blocs!$E$2:$E$116,"<>À tester") -> 4 | D11: =COUNTIFS(Blocs!$A$2:$A$116,A11,Blocs!$E$2:$E$116,"Oui") -> 4 | E11: =COUNTIFS(Blocs!$A$2:$A$116,A11,Blocs!$F$2:$F$116,"<>À tester") -> 4 | F11: =COUNTIFS(Blocs!$A$2:$A$116,A11,Blocs!$F$2:$F$116,"Oui") -> 3
A12: Boucles | B12: =COUNTIF(Blocs!$A$2:$A$116,A12) -> 2 | C12: =COUNTIFS(Blocs!$A$2:$A$116,A12,Blocs!$E$2:$E$116,"<>À tester") -> 0 | D12: =COUNTIFS(Blocs!$A$2:$A$116,A12,Blocs!$E$2:$E$116,"Oui") -> 0 | E12: =COUNTIFS(Blocs!$A$2:$A$116,A12,Blocs!$F$2:$F$116,"<>À tester") -> 0 | F12: =COUNTIFS(Blocs!$A$2:$A$116,A12,Blocs!$F$2:$F$116,"Oui") -> 0
A13: Maths | B13: =COUNTIF(Blocs!$A$2:$A$116,A13) -> 7 | C13: =COUNTIFS(Blocs!$A$2:$A$116,A13,Blocs!$E$2:$E$116,"<>À tester") -> 1 | D13: =COUNTIFS(Blocs!$A$2:$A$116,A13,Blocs!$E$2:$E$116,"Oui") -> 1 | E13: =COUNTIFS(Blocs!$A$2:$A$116,A13,Blocs!$F$2:$F$116,"<>À tester") -> 1 | F13: =COUNTIFS(Blocs!$A$2:$A$116,A13,Blocs!$F$2:$F$116,"Oui") -> 1
A14: Reconstruction | B14: =COUNTIF(Blocs!$A$2:$A$116,A14) -> 2 | C14: =COUNTIFS(Blocs!$A$2:$A$116,A14,Blocs!$E$2:$E$116,"<>À tester") -> 0 | D14: =COUNTIFS(Blocs!$A$2:$A$116,A14,Blocs!$E$2:$E$116,"Oui") -> 0 | E14: =COUNTIFS(Blocs!$A$2:$A$116,A14,Blocs!$F$2:$F$116,"<>À tester") -> 0 | F14: =COUNTIFS(Blocs!$A$2:$A$116,A14,Blocs!$F$2:$F$116,"Oui") -> 0
A15: Total | B15: =SUM(B4:B14) -> 115 | C15: =SUM(C4:C14) -> 19 | D15: =SUM(D4:D14) -> 18 | E15: =SUM(E4:E14) -> 21 | F15: =SUM(F4:F14) -> 20
